symbol,companyName,marketCap,sector,industry,beta,price,lastAnnualDividend,volume,exchange,exchangeShortName
AAPL,Apple Inc,2035539510000.0,Technology,Consumer Electronics,1.33701,119.02,0.7825,174376479,Nasdaq Global Select,NASDAQ
MSFT,Microsoft Corp,1662310020000.0,Technology,Software Infrastructure,0.85286,219.66,1.99,33841051,Nasdaq Global Select,NASDAQ
AMZN,Amazon.com Inc,1639267700000.0,Consumer Cyclical,Internet Retail,1.28748,3272.71,0.0,4945587,Nasdaq Global Select,NASDAQ
GOOGL,Alphabet Inc,1068064570000.0,Communication Services,Internet Content & Information,1.06476,1567.7,0.0,1723042,Nasdaq Global Select,NASDAQ
GOOG,Alphabet Inc.,1068064310000.0,Communication Services,Internet Content & Information,1.022765,1573.01,0.0,1769150,Nasdaq Global Select,NASDAQ
BABA,Alibaba Group Holding Ltd,821092350000.0,Consumer Cyclical,Internet Retail,1.29718,307.31,0.0,13610135,New York Stock Exchange,NYSE
FB,Facebook Inc,757586660000.0,Communication Services,Internet Content & Information,1.27743,265.93,0.0,23467332,Nasdaq Global Select,NASDAQ
BRKB,Berkshire Hathaway Inc.,537046876000.0,,,0.841483,211.91,0.0,971,NYSE,NYSE
BRKA,Berkshire Hathaway Inc.,524935987000.0,Industrials,Insurance Diversified,0.847173,318504.0,0.0,428,NYSE,NYSE
BRK-A,Berkshire Hathaway Inc,506507362000.0,Financial Services,Insurance Diversified,0.81775,318504.0,0.0,1009,NYSE,NYSE
BRK-B,Berkshire Hathaway Inc.,506507297000.0,Financial Services,Insurance Diversified,0.841483,211.91,0.0,4920134,NYSE,NYSE
V,Visa Inc,439658840000.0,Financial Services,Credit Services,0.88936,200.26,1.15,7704825,New York Stock Exchange,NYSE
WMT,Walmart Inc,410071990000.0,Consumer Defensive,Discount Stores,0.39052,144.71,2.14,9910440,New York Stock Exchange,NYSE
TSLA,Tesla Inc,409688474000.0,Consumer Cyclical,Auto Manufacturers,1.9216,439.67,0.0,71470831,Nasdaq Global Select,NASDAQ
TSM,Taiwan Semiconductor Manufacturing Company Ltd.,405218460000.0,Technology,Semiconductors,0.602506,86.7,2.848502,10949706,New York Stock Exchange,NYSE
JNJ,Johnson & Johnson,389920653000.0,Healthcare,Drug Manufacturers General,0.66931,148.1,3.92,5982185,New York Stock Exchange,NYSE
VTI,Vanguard Total Stock Market,368189014000.0,,,0.0,177.55,2.9000000000000004,2954698,NYSE Arca,NYSE
PG,Procter & Gamble Co,359476232000.0,Consumer Defensive,Household & Personal Products,0.40028,144.39,3.0284,6007326,New York Stock Exchange,NYSE
NVDA,NVIDIA Corp,341262270000.0,Technology,Semiconductors,1.54938,552.46,0.64,13257639,Nasdaq Global Select,NASDAQ
MA,Mastercard Inc,339759759000.0,Financial Services,Credit Services,1.11518,339.4,1.46,3404906,New York Stock Exchange,NYSE
SPY,SPDR S&P 500,318764057000.0,,,0.0,347.32,5.726000000000001,67494281,NYSE Arca,NYSE
UNH,UnitedHealth Group Inc,313515835000.0,Healthcare,Health Care Plans,0.72597,329.9,4.49,2705104,New York Stock Exchange,NYSE
HD,Home Depot Inc,309654487000.0,Consumer Cyclical,Home Improvement Retail,1.09513,287.66,5.72,3338826,New York Stock Exchange,NYSE
JPM,JPMorgan Chase & Co,309422785000.0,Financial Services,Banks Diversified,1.15933,101.51,3.5,16275350,New York Stock Exchange,NYSE
GJS,Goldman Sachs Group Securities STRATS Trust for Series 2006-2,281484880000.0,,,0.154206,19.75,0.326,743,New York Stock Exchange,NYSE
ADBE,Adobe Inc,241212310000.0,Technology,Software Infrastructure,0.97734,502.82,0.0,2892951,Nasdaq Global Select,NASDAQ
VZ,Verizon Communications Inc,240213803000.0,Communication Services,Telecom Services,0.37859,58.05,2.4475,13408184,New York Stock Exchange,NYSE
PYPL,PayPal Holdings Inc,239881175000.0,Financial Services,Credit Services,1.07375,204.45,0.0,7888103,Nasdaq Global Select,NASDAQ
CRM,Salesforce.Com Inc,235280482000.0,Technology,Software Application,1.26703,258.55,0.0,7631064,New York Stock Exchange,NYSE
NFLX,Netflix Inc,234086351000.0,Communication Services,Entertainment,0.99601,530.79,0.0,6002628,Nasdaq Global Select,NASDAQ
INTC,Intel Corp,230342476000.0,Technology,Semiconductors,0.67617,54.16,1.29,34687664,Nasdaq Global Select,NASDAQ
DIS,Walt Disney Co,229153276000.0,Consumer Cyclical,Entertainment,1.06334,126.81,0.88,10255110,New York Stock Exchange,NYSE
IVV,iShares Core S&P 500,216579113000.0,,,0.0,348.45,6.314,3358185,NYSE Arca,NYSE
KO,Coca-Cola Co,214900851000.0,Consumer Defensive,Beverages Non-Alcoholic,0.55254,50.03,1.61,14385329,New York Stock Exchange,NYSE
CMCSA,Comcast Corp,211541475000.0,Communication Services,Entertainment,0.90179,45.56,0.88,17287418,Nasdaq Global Select,NASDAQ
PFE,Pfizer Inc,210883592000.0,Healthcare,Drug Manufacturers General,0.62905,37.95,1.48,24928353,New York Stock Exchange,NYSE
BAC,Bank of America Corp,209955258000.0,Financial Services,Banks Diversified,1.57506,24.24,0.72,58589850,New York Stock Exchange,NYSE
FIYY,Barclays ETN FI Enhanced Global High Yield Exchange Traded Notes Series B,208189063000.0,,,0.0,88.8937,0.0,2337,NYSE Arca,NYSE
MRK,Merck & Co Inc,201909240000.0,Healthcare,Drug Manufacturers General,0.37831,79.83,2.38,8016926,New York Stock Exchange,NYSE
NKE,Nike Inc,200938242000.0,Consumer Cyclical,Footwear & Accessories,0.81469,128.0,0.955,6601915,New York Stock Exchange,NYSE
NVS,Novartis AG,197121704000.0,Healthcare,Drug Manufacturers General,0.517296,86.19,3.042,1812443,New York Stock Exchange,NYSE
PEP,PepsiCo Inc,195865182000.0,Consumer Defensive,Beverages Non-Alcoholic,0.55412,141.73,3.8875,4160706,Nasdaq Global Select,NASDAQ
T,AT&T Inc,194726248000.0,Communication Services,Telecom Services,0.64772,27.33,2.06,33596498,New York Stock Exchange,NYSE
ABT,Abbott Laboratories,194174026000.0,Healthcare,Medical Devices,0.87433,109.67,1.36,5186395,New York Stock Exchange,NYSE
SAP,SAP SE ADS,185618137000.0,Technology,Software Application,1.092518,155.12,1.712,529287,New York Stock Exchange,NYSE
TMO,Thermo Fisher Scientific Inc,185369051000.0,Healthcare,Diagnostics & Research,1.00516,468.59,0.79,1255195,New York Stock Exchange,NYSE
ORCL,Oracle Corp,181526561000.0,Technology,Software Infrastructure,0.77197,60.29,0.96,13150351,New York Stock Exchange,NYSE
TM,Toyota Motor Corporation,181204206000.0,Consumer Cyclical,Auto Manufacturers,0.901214,130.64,4.05504,162792,New York Stock Exchange,NYSE
FFEU,Barclays ETN+ FI Enhanced Europe 50 ETN Series C,178241667000.0,,,0.0,76.1066,0.0,853,NYSEArca,NYSE
BT,BT Group plc American Depositary Shares,173378967464.86,Communication Services,Communication Services,0.588951,13.05,0.60314,1308007,New York Stock Exchange,NYSE
LFC,China Life Insurance Company Limited American Depositary Shares,171201610000.0,Financial Services,Insurance Life,1.499597,11.99,0.513,475376,New York Stock Exchange,NYSE
MCD,Mcdonald's Corp,170674897000.0,Consumer Cyclical,Restaurants,0.61518,229.37,4.91,2882040,New York Stock Exchange,NYSE
CSCO,Cisco Systems Inc,170014556000.0,Technology,Communication Equipment,0.82049,40.16,1.41,22827482,Nasdaq Global Select,NASDAQ
COST,Costco Wholesale Corp,168346141000.0,Consumer Defensive,Discount Stores,0.6692,381.54,2.65,2193193,Nasdaq Global Select,NASDAQ
NVO,Novo Nordisk A/S,165313954000.0,Healthcare,Biotechnology,0.592115,71.02,1.300605,945178,New York Stock Exchange,NYSE
UL,Unilever PLC,164269277000.0,Consumer Defensive,Household & Personal Products,0.388576,62.76,1.8179999999999998,882578,New York Stock Exchange,NYSE
TBB,AT&T Inc. 5.350% Global Notes due 2066,163870736000.0,,,0.398881,26.69,1.336,73639,New York Stock Exchange,NYSE
ASML,ASML Holding N.V.,161918435000.0,Technology,Semiconductor Equipment & Materials,1.053097,386.9,2.628,756510,Nasdaq Global Select,NASDAQ
DHR,Danaher Corp,161355088000.0,Healthcare,Diagnostics & Research,0.87917,227.45,0.69,2009828,New York Stock Exchange,NYSE
UN,Unilever NV,161252475000.0,Consumer Defensive,Household & Personal Products,0.388576,61.61,1.8179999999999998,1305882,New York Stock Exchange,NYSE
ZM,Zoom Video Communications Inc,158991335000.0,Communication Services,Telecom Services,0.0,559.0,0.0,9876567,NasdaqGS,NASDAQ
AVGO,Broadcom Inc,153164300000.0,Technology,Semiconductors,0.98527,378.65,12.4,1871351,Nasdaq Global Select,NASDAQ
ABBV,Abbvie Inc,152251875000.0,Healthcare,Drug Manufacturers General,0.68081,86.27,4.5,6980450,New York Stock Exchange,NYSE
UPS,United Parcel Service Inc,150607135000.0,Industrials,Integrated Freight & Logistics,1.01528,174.44,3.94,4195034,New York Stock Exchange,NYSE
NEE,Nextera Energy Inc,149636432000.0,Utilities,Utilities Regulated Electric,0.20584,305.6,5.3,1755778,New York Stock Exchange,NYSE
MDT,Medtronic PLC,148059865000.0,Healthcare,Medical Devices,0.64621,110.13,2.2,4439085,New York Stock Exchange,NYSE
VB,Vanguard Small-Cap,146335826000.0,,,0.0,165.64,2.1310000000000002,651075,NYSE Arca,NYSE
ACN,Accenture PLC,146288804000.0,Technology,Information Technology Services,1.05008,230.05,3.2,1789970,New York Stock Exchange,NYSE
QCOM,Qualcomm Inc,145580671000.0,Technology,Semiconductors,1.37309,129.03,2.54,9320487,Nasdaq Global Select,NASDAQ
TMUS,T-Mobile US Inc,144569106000.0,Communication Services,Telecom Services,0.34654,114.96,0.0,4204945,Nasdaq Global Select,NASDAQ
XOM,Exxon Mobil Corp,144182641000.0,Energy,Oil & Gas Integrated,1.27499,34.1,3.48,24477031,New York Stock Exchange,NYSE
UNP,Union Pacific Corp,142454358000.0,Industrials,Railroads,1.07072,209.85,3.88,2559710,New York Stock Exchange,NYSE
CVX,Chevron Corp,140313985000.0,Energy,Oil & Gas Integrated,1.21033,72.89,4.96,10482178,New York Stock Exchange,NYSE
TXN,Texas Instruments Inc,140249334000.0,Technology,Semiconductors,1.10472,153.12,3.47,4200346,Nasdaq Global Select,NASDAQ
LLY,Eli Lilly and Co,139759387000.0,Healthcare,Drug Manufacturers General,0.23436,146.12,2.77,3260003,New York Stock Exchange,NYSE
AZN,Astrazeneca PLC,139108827000.0,Healthcare,Drug Manufacturers General,0.196299,53.03,1.4,5462426,New York Stock Exchange,NYSE
AMGN,Amgen Inc,138059792000.0,Healthcare,Drug Manufacturers General,0.74976,235.72,6.1,2647971,Nasdaq Global Select,NASDAQ
BMY,Bristol-Myers Squibb Co,138030678000.0,Healthcare,Drug Manufacturers General,0.64131,61.24,1.72,10027368,New York Stock Exchange,NYSE
LOW,Lowe`s Companies Inc,134294282000.0,Consumer Cyclical,Home Improvement Retail,1.49243,177.7,2.2,3767928,New York Stock Exchange,NYSE
CHL,China Mobile Limited,132096131000.0,Communication Services,Telecom Services,0.793242,32.29,2.08451,1023885,New York Stock Exchange,NYSE
SHOP,Shopify Inc,130724684000.0,Technology,Software Application,1.62793,1067.21,0.0,2047681,New York Stock Exchange,NYSE
UTX,United Technologies Corporation,130414379000.0,Industrials,Aerospace & Defense,1.225969,86.01,2.9450000000000003,27096280,New York Stock Exchange,NYSE
BHP,BHP Billiton Limited,129943658000.0,Basic Materials,Other Industrial Metals & Mining,0.987127,51.65,2.8600000000000003,2004432,New York Stock Exchange,NYSE
CHTR,Charter Communications Inc,129889575000.0,Communication Services,Entertainment,1.04366,633.92,0.0,910870,Nasdaq Global Select,NASDAQ
MSF,Morgan Stanley Emerging Markets Fund Inc.,127276020000.0,Financial Services,Asset Management,0.761374,16.33,0.181084,34375,New York Stock Exchange,NYSE
VSM,Versum Materials Inc.,127249113000.0,Basic Materials,Chemicals,2.123759,10.31,0.32,563336,New York Stock Exchange,NYSE
SNY,Sanofi American Depositary Shares (Each repstg one-half of one),126524064000.0,Healthcare,Drug Manufacturers General,0.47144,50.27,3.493,1009637,New York Stock Exchange,NASDAQ
JD,JD.com Inc.,126413873000.0,Consumer Cyclical,Internet Retail,1.36172,81.52,0.0,11757960,Nasdaq Global Select,NASDAQ
PM,Philip Morris International Inc,123446370000.0,Consumer Defensive,Tobacco,0.77449,79.27,4.65,4098371,New York Stock Exchange,NYSE
HON,Honeywell International Inc,122713768000.0,Industrials,Specialty Industrial Machinery,1.028,174.86,3.52,3124695,New York Stock Exchange,NYSE
LIN,Linde PLC,122450911000.0,Basic Materials,Specialty Chemicals,0.72545,233.08,3.676,1767362,NYSE,NYSE
QQQ,PowerShares QQQ Trust Series 1,113413284000.0,,,0.0,288.51,1.629,46670351,NASDAQ Global Market,NASDAQ
IBM,International Business Machines Corp,112150618000.0,Technology,Software Application,1.2456,125.93,6.49,4550117,New York Stock Exchange,NYSE
VOO,Vanguard S&P 500,111153118580.0,,,0.0,318.99,5.341,3057750,NYSE Arca,NYSE
BUD,Anheuser-Busch Inbev SA Sponsored ADR (Belgium),109431775000.0,Consumer Defensive,Beverages Alcoholic,0.841512,55.42,1.457909,1668468,New York Stock Exchange,NYSE
LMT,Lockheed Martin Corp,108042985000.0,Industrials,Aerospace & Defense,0.94496,386.5,9.4,1081889,New York Stock Exchange,NYSE
AMT,American Tower Corp,107663557000.0,Real Estate,REIT Specialty,0.28773,242.72,3.96,1743998,New York Stock Exchange,NYSE
BBL,BHP Billiton plc Sponsored ADR,106770530000.0,Basic Materials,Other Industrial Metals & Mining,0.987127,42.23,2.8600000000000003,1369575,New York Stock Exchange,NYSE
PTR,PetroChina Company Limited,104795333000.0,Energy,Oil & Gas Integrated,1.292839,28.32,2.024,145529,New York Stock Exchange,NYSE
RY,Royal Bank of Canada,104650310000.0,Financial Services,Banks Diversified,0.74943,73.7,4.26,758034,New York Stock Exchange,NYSE
SBUX,Starbucks Corp,103479869000.0,Consumer Cyclical,Restaurants,0.78874,88.52,1.59,7487182,Nasdaq Global Select,NASDAQ
NOW,ServiceNow Inc,100670063000.0,Technology,Software Application,1.23695,524.87,0.0,1511698,New York Stock Exchange,NYSE
PDD,Pinduoduo Inc,100624867000.0,Consumer Cyclical,Internet Retail,0.0,84.02,0.0,7889010,NasdaqGS,NASDAQ
BLK,BlackRock Inc,100247822000.0,Financial Services,Asset Management,1.19629,657.38,13.86,615520,New York Stock Exchange,NYSE
MMM,3M Co,98481971000.0,Industrials,Specialty Industrial Machinery,0.95115,170.97,4.38,2495887,New York Stock Exchange,NYSE
AMD,Advanced Micro Devices Inc,97646567000.0,Technology,Semiconductors,2.28503,83.17,0.0,62369256,NASDAQ Capital Market,NASDAQ
RDS-A,Royal Dutch Shell plc,96790667000.0,Energy,Oil & Gas Integrated,0.83588,25.27,2.52,6250693,NYSE,NYSE
RDS-B,Royal Dutch Shell plc,96790553000.0,Energy,Oil & Gas Integrated,0.83588,24.29,2.52,3482860,NYSE,NYSE
ISG,ING Group N.V. Perpetual Dent Secs 6.125%,96534790000.0,Financial Services,Banks,0.084341,24.85,0.0,0,New York Stock Exchange,NYSE
WFC,Wells Fargo & Co,94469407000.0,Financial Services,Banks Diversified,1.10183,22.86,2.04,40599493,New York Stock Exchange,NYSE
BA,Boeing Co,94460551000.0,Industrials,Aerospace & Defense,1.36106,167.35,6.165,26321873,New York Stock Exchange,NYSE
RTX,Raytheon Technologies Corp,94333010000.0,Industrials,Aerospace & Defense,1.33,61.75,2.68,8104903,NYSE,NYSE
QARP,Xtrackers Russell 1000 US QARP ETF,94333010000.0,,,0.0,31.13,0.5940000000000001,15935,NYSEArca,NYSE
CAT,Caterpillar Inc,91379311000.0,Industrials,Farm & Heavy Construction Machinery,1.0205,168.75,4.12,3116940,New York Stock Exchange,NYSE
GSK,GlaxoSmithKline PLC,91265188000.0,Healthcare,Drug Manufacturers General,0.366854,36.57,2.0509999999999997,3117551,New York Stock Exchange,NYSE
MS,Morgan Stanley,90656612000.0,Financial Services,Capital Markets,1.47142,51.85,1.4,10603950,New York Stock Exchange,NYSE
C,Citigroup Inc,89921577000.0,Financial Services,Banks Diversified,1.81057,43.19,2.04,23750560,New York Stock Exchange,NYSE
HDB,HDFC Bank Limited,89685680000.0,Financial Services,Banks,0.407017,56.0,0.431963,1454996,New York Stock Exchange,NYSE
INTU,Intuit Inc,89315459000.0,Technology,Software Application,0.97966,341.15,2.06,1206484,Nasdaq Global Select,NASDAQ
STO,Statoil ASA,89219880000.0,Energy,Oil & Gas Integrated,0.980813,27.14,0.92,1792871,New York Stock Exchange,NYSE
FIS,Fidelity National Information Services Inc,89148482000.0,Technology,Information Technology Services,0.71337,143.88,1.4,3031960,New York Stock Exchange,NYSE
SNE,Sony Corporation,89006940000.0,Technology,Consumer Electronics,1.548672,72.67,0.41142599999999996,987837,New York Stock Exchange,NYSE
TI,Telecom Italia S.P.A. New,88160636127.86,Communication Services,Communication Services,0.686082,5.05,0.0,200034,New York Stock Exchange,NYSE
ISRG,Intuitive Surgical Inc,88083128000.0,Healthcare,Medical Instruments & Supplies,0.95513,752.68,0.0,617131,Nasdaq Global Select,NASDAQ
TOT,Total S.A.,87562535000.0,Energy,Oil & Gas Integrated,0.73934,33.0,3.000075,2740068,New York Stock Exchange,NYSE
AXP,American Express Co,84469449000.0,Financial Services,Credit Services,1.20338,104.91,1.68,3888609,New York Stock Exchange,NYSE
SYK,Stryker Corp,84154532000.0,Healthcare,Medical Devices,0.83685,224.05,2.765,1180864,New York Stock Exchange,NYSE
SPGI,S&P Global Inc,83908977000.0,Financial Services,Financial Data & Stock Exchanges,1.00195,348.17,2.48,793789,New York Stock Exchange,NYSE
MDLZ,Mondelez International Inc,82800869000.0,Consumer Defensive,Confectioners,0.5843,57.97,1.14,5932501,Nasdaq Global Select,NASDAQ
TD,Toronto-Dominion Bank,82765881000.0,Financial Services,Banks Diversified,0.72284,45.79,3.06,1532973,New York Stock Exchange,NYSE
SQ,Square Inc,82634449000.0,Technology,Software Infrastructure,2.68227,186.31,0.0,10594179,New York Stock Exchange,NYSE
TGT,Target Corp,82561917000.0,Consumer Defensive,Discount Stores,0.92031,164.92,2.64,3962729,New York Stock Exchange,NYSE
EL,Estee Lauder Companies Inc,80957325000.0,Consumer Defensive,Household & Personal Products,0.8313,224.13,1.39,1128064,New York Stock Exchange,NYSE
SE,Sea Ltd,80574317000.0,Communication Services,Electronic Gaming & Multimedia,1.414024,165.2,0.0,3849315,New York Stock Exchange,NYSE
HSBC,HSBC Holdings plc.,80494649000.0,Financial Services,Banks Diversified,0.563153,19.71,2.55,3356175,New York Stock Exchange,NYSE
DEO,Diageo plc,80087695000.0,Consumer Defensive,Beverages Wineries & Distilleries,0.115044,138.52,3.6441,479645,New York Stock Exchange,NYSE
CNI,Canadian National Railway Co,79100625000.0,Industrials,Railroads,0.62822,111.8,2.225,748154,New York Stock Exchange,NYSE
BTI,British American Tobacco Industries p.l.c. ADR,78254359000.0,Consumer Defensive,Tobacco,0.58407,34.07,2.6674029999999997,2419912,New York Stock Exchange,NYSE
TWX,Time Warner Inc.,78237810000.0,Consumer Cyclical,Entertainment,0.887957,98.91,1.61,4848309,New York Stock Exchange,NYSE
CVS,CVS Health Corp,77985432000.0,Healthcare,Health Care Plans,0.66799,59.59,2.0,7455078,New York Stock Exchange,NYSE
GILD,Gilead Sciences Inc,77730644000.0,Healthcare,Drug Manufacturers General,0.52957,62.0,2.62,8976343,Nasdaq Global Select,NASDAQ
ZTS,Zoetis Inc,77709967000.0,Healthcare,Drug Manufacturers General Specialty & Generic,0.72046,163.55,0.728,1548448,New York Stock Exchange,NYSE
CELG,Celgene Corporation,77035921000.0,Healthcare,Biotechnology,1.41308,108.24,0.0,0,Nasdaq Global Select,NASDAQ
PLD,Prologis Inc,77023953000.0,Real Estate,REIT Industrial,0.90924,104.26,2.22,2526682,New York Stock Exchange,NYSE
DE,Deere & Co,75228807000.0,Industrials,Farm & Heavy Construction Machinery,0.9581,240.06,3.04,1594214,New York Stock Exchange,NYSE
RIO,Rio Tinto Plc,74864337000.0,Basic Materials,Other Industrial Metals & Mining,0.81979,60.05,3.8600000000000003,2012690,New York Stock Exchange,NYSE
ANTM,Anthem Inc,74664583000.0,Healthcare,Health Care Plans,0.99486,296.87,3.5,1128846,New York Stock Exchange,NYSE
FDX,FedEx Corp,74528866000.0,Industrials,Integrated Freight & Logistics,1.42156,283.82,2.6,3325285,New York Stock Exchange,NYSE
SCHW,Charles Schwab Corp,73654608000.0,Financial Services,Capital Markets,1.14842,39.29,0.7,10769523,New York Stock Exchange,NYSE
MO,Altria Group Inc,73462546000.0,Consumer Defensive,Tobacco,0.51062,39.53,4.16,7658381,New York Stock Exchange,NYSE
BBT,BB&T Corporation,72754282000.0,Financial Services,Banks,1.138806,54.24,1.72,6129001,New York Stock Exchange,NYSE
EQIX,Equinix Inc,72412258000.0,Real Estate,REIT Specialty,0.38219,817.69,10.04,347443,Nasdaq Global Select,NASDAQ
VEA,Vanguard FTSE Developed Markets,72401444965.0,,,0.0,41.56,1.044,8724287,NYSE Arca,NYSE
AET,Aetna Inc.,71120500000.0,Healthcare,Health Care Plans,0.681521,212.3,2.0,2107092,New York Stock Exchange,NYSE
GS,Goldman Sachs Group Inc,70951911000.0,Financial Services,Capital Markets,1.4111,206.21,5.0,3223765,New York Stock Exchange,NYSE
DWDP,DowDuPont Inc.,70634327500.0,Basic Materials,Chemicals,0.971702,30.51,1.52,8708315,New York Stock Exchange,NYSE
CCI,Crown Castle International Corp,70042583000.0,Real Estate,REIT Specialty,0.27318,166.9,4.725,1807614,New York Stock Exchange,NYSE
CL,Colgate-Palmolive Co,68857790000.0,Consumer Defensive,Household & Personal Products,0.57772,80.31,1.73,3116617,New York Stock Exchange,NYSE
BDX,Becton Dickinson and Co,68696056000.0,Healthcare,Medical Instruments & Supplies,0.83724,236.99,3.14,1426609,New York Stock Exchange,NYSE
D,Dominion Energy Inc,68395475000.0,Utilities,Utilities Diversified,0.38845,81.41,3.715,3534215,New York Stock Exchange,NYSE
BKNG,Booking Holdings Inc,68296942000.0,Consumer Cyclical,Travel Services,1.10692,1667.87,0.0,337207,Nasdaq Global Select,NASDAQ
DUK,Duke Energy Corp,67931857000.0,Utilities,Utilities Regulated Electric,0.26802,92.37,3.78,3512014,New York Stock Exchange,NYSE
TJX,TJX Companies Inc,67926749000.0,Consumer Cyclical,Apparel Retail,0.76676,56.65,0.46,6746026,New York Stock Exchange,NYSE
FISV,Fiserv Inc,67781972000.0,Technology,Information Technology Services,0.74322,101.22,0.0,4739609,Nasdaq Global Select,NASDAQ
AGG,iShares Core U.S. Aggregate Bond,67503813000.0,,,0.0,117.89,2.8169999999999997,6200048,NYSE Arca,NYSE
APD,Air Products and Chemicals Inc,65857339000.0,Basic Materials,Chemicals,0.85294,298.14,4.82,944984,New York Stock Exchange,NYSE
SNP,China Petroleum & Chemical Corporation,65665417000.0,Energy,Oil & Gas Integrated,1.644408,38.83,4.37,154817,New York Stock Exchange,NYSE
ITW,Illinois Tool Works Inc,65331925000.0,Industrials,Specialty Industrial Machinery,1.15489,206.64,4.21,902775,New York Stock Exchange,NYSE
CI,Cigna Corp,65325056000.0,Healthcare,Health Care Plans,0.71584,177.9,0.04,1861184,New York Stock Exchange,NYSE
INFY,Infosys Limited American Depositary Shares,64978371000.0,Technology,Information Technology Services,0.017042,15.51,0.390279,9441710,New York Stock Exchange,NYSE
BDXA,Becton Dickinson and Company Depositary Shares each Representing a 1/20th Interest in a Share of 6.125% Mandatory Convertible Preferred Stock Series A $1.00 par,64578707000.0,Healthcare,Medical Instruments & Equipment,1.115472,59.24,3.8288,0,New York Stock Exchange,NYSE
VMW,VMware Inc,64115581000.0,Technology,Software Infrastructure,0.87872,152.61,0.0,1117132,New York Stock Exchange,NYSE
GE,General Electric Co,63811486000.0,Industrials,Specialty Industrial Machinery,0.88043,7.29,0.04,95767848,New York Stock Exchange,NYSE
REGN,Regeneron Pharmaceuticals Inc,63807537000.0,Healthcare,Biotechnology,0.40139,599.74,0.0,873715,Nasdaq Global Select,NASDAQ
ADP,Automatic Data Processing Inc,63797744000.0,Industrials,Staffing & Employment Services,0.76402,148.42,3.4,2227806,Nasdaq Global Select,NASDAQ
IWF,iShares Russell 1000 Growth,63725666000.0,,,0.0,225.02,1.6669999999999998,1674057,NYSE Arca,NYSE
AGN,Allergan plc,63659160000.0,Healthcare,Drug Manufacturers General,1.640809,193.02,3.7,12442653,New York Stock Exchange,NYSE
VWO,Vanguard FTSE Emerging Markets,63446688000.0,,,0.0,44.74,1.306,10619450,NYSE Arca,NYSE
SHW,Sherwin-Williams Co,63308677000.0,Basic Materials,Specialty Chemicals,1.06368,695.32,4.94,454137,New York Stock Exchange,NYSE
MELI,Mercadolibre Inc,63200301000.0,Consumer Cyclical,Internet Retail,1.62433,1271.38,0.0,522140,Nasdaq Global Select,NASDAQ
DCUE,"Dominion Energy, Inc.",63034008000.0,Utilities,Utilities Diversified,0.22091,104.61,0.0,95653,NYSE,NYSE
IEMG,iShares Core MSCI Emerging Markets,62684078000.0,,,0.0,54.47,1.637,10123706,NYSE Arca,NYSE
ATVI,Activision Blizzard Inc,62228324000.0,Communication Services,Electronic Gaming & Multimedia,0.66679,80.62,0.37,6391853,Nasdaq Global Select,NASDAQ
REN,Resolute Energy Corporation Comon Stock,61840460000.0,Energy,Oil & Gas E&P,3.122288,31.06,0.0,593993,New York Stock Exchange,NYSE
SO,Southern Co,61625184000.0,Utilities,Utilities Regulated Electric,0.42422,58.35,2.5,3869207,New York Stock Exchange,NYSE
CSX,CSX Corp,61288395000.0,Industrials,Railroads,1.20755,80.11,1.0,3650323,Nasdaq Global Select,NASDAQ
RXD,ProShares UltraShort Health Care,61092610000.0,,,0.0,10.825,0.25,4846,NYSE Arca,NYSE
EFA,iShares MSCI EAFE,60752015000.0,,,0.0,64.74,1.634,21062045,NYSE Arca,NYSE
NTES,NetEase Inc.,60714627000.0,Communication Services,Internet Content & Information,0.806913,88.52,10.809999999999999,2458396,Nasdaq Global Select,NASDAQ
CME,CME Group Inc,60245754000.0,Financial Services,Financial Data & Stock Exchanges,0.33368,167.99,3.2,1540692,Nasdaq Global Select,NASDAQ
EPV,ProShares UltraShort FTSE Europe,59750048000.0,,,0.0,21.66,0.233,10710,NYSE Arca,NYSE
ENB,Enbridge Inc,59491652000.0,Energy,Oil & Gas Midstream,0.91338,29.45,3.096,2838646,New York Stock Exchange,NYSE
UBER,Uber Technologies Inc,59098350000.0,Technology,Software Application,0.0,33.72,0.0,20495006,NYSE,NYSE
USB,U.S. Bancorp,58958934000.0,Financial Services,Banks Regional,1.15088,39.14,1.63,6304303,New York Stock Exchange,NYSE
CCZ,Comcast Holdings ZONES,58709561000.0,Consumer Cyclical,Entertainment,0.043903,61.98,0.375,92,New York Stock Exchange,NYSE
ECL,Ecolab Inc,58369794000.0,Basic Materials,Specialty Chemicals,0.90501,204.53,1.86,1122432,New York Stock Exchange,NYSE
MMC,Marsh & McLennan Companies Inc,58220442000.0,Financial Services,Insurance Brokers,0.80268,114.94,1.82,1648379,New York Stock Exchange,NYSE
HUM,Humana Inc,57907290000.0,Healthcare,Health Care Plans,0.92784,437.72,2.9,604217,New York Stock Exchange,NYSE
AMAT,Applied Materials Inc,57536831000.0,Technology,Semiconductor Equipment & Materials,1.27818,63.0,0.85,7920071,Nasdaq Global Select,NASDAQ
MU,Micron Technology Inc,57338712000.0,Technology,Semiconductors,1.30085,51.61,0.0,19254715,Nasdaq Global Select,NASDAQ
VUG,Vanguard Growth,57202856000.0,,,0.0,236.31,1.71,991309,NYSE Arca,NYSE
ADSK,Autodesk Inc,57005965000.0,Technology,Software Application,1.42653,259.97,0.0,1331592,Nasdaq Global Select,NASDAQ
ABB,ABB Ltd,56973849000.0,Technology,Computer Hardware,1.175382,26.74,1.5710000000000002,1562915,New York Stock Exchange,NYSE
VALE,VALE S.A. American Depositary Shares Each Representing one,56890700000.0,Basic Materials,Metals & Mining,1.141854,11.09,0.347,29448181,New York Stock Exchange,NYSE
ICE,Intercontinental Exchange Inc,56854426000.0,Financial Services,Financial Data & Stock Exchanges,0.6133,101.3,1.15,3020065,New York Stock Exchange,NYSE
MON,Monsanto Company,56812020000.0,Basic Materials,Agriculture,0.961406,127.96,2.16,3510442,New York Stock Exchange,NYSE
VRTX,Vertex Pharmaceuticals Inc,56802644000.0,Healthcare,Biotechnology,0.68821,218.08,0.0,1570173,Nasdaq Global Select,NASDAQ
PGR,Progressive Corp,56522109000.0,Financial Services,Insurance Property & Casualty,0.53294,96.52,2.65,2131745,New York Stock Exchange,NYSE
TFC,Truist Financial Corp,56149201000.0,Financial Services,Banks Regional,1.148409,41.65,1.8,4980237,NYSE,NYSE
NSC,Norfolk Southern Corp,55805092000.0,Industrials,Railroads,1.39266,218.75,3.76,1320567,New York Stock Exchange,NYSE
DG,Dollar General Corp,55213330000.0,Consumer Defensive,Discount Stores,0.53912,221.71,1.36,1740332,New York Stock Exchange,NYSE
BSX,Boston Scientific Corp,54994952000.0,Healthcare,Medical Devices,0.96666,38.44,0.0,7521740,New York Stock Exchange,NYSE
BP,BP p.l.c.,54748037000.0,Energy,Oil & Gas Integrated,0.570394,16.25,2.1900000000000004,12708992,New York Stock Exchange,NYSE
SHPG,Shire plc,54516320000.0,Healthcare,Biotechnology,0.940805,179.33,0.336,1149063,Nasdaq Global Select,NASDAQ
WDAY,Workday Inc,54379651000.0,Technology,Software Application,1.5782,229.45,0.0,1898035,Nasdaq Global Select,NASDAQ
MCO,Moody's Corp,54256562000.0,Financial Services,Financial Data & Stock Exchanges,1.20648,289.06,2.12,596312,New York Stock Exchange,NYSE
ESRX,Express Scripts Holding Company,53915840000.0,Healthcare,Health Care Plans,0.837995,92.48,0.0,6371881,Nasdaq Global Select,NASDAQ
CB,Chubb Ltd,53829911000.0,Financial Services,Insurance Property & Casualty,0.65541,119.26,3.0,1635431,New York Stock Exchange,NYSE
LRCX,Lam Research Corp,53147296000.0,Technology,Semiconductor Equipment & Materials,1.21584,364.96,4.55,1713379,Nasdaq Global Select,NASDAQ
EW,Edwards Lifesciences Corp,53053161000.0,Healthcare,Medical Devices,0.89034,85.33,0.0,2415412,New York Stock Exchange,NYSE
GPN,Global Payments Inc,52983968000.0,Industrials,Specialty Business Services,1.03776,177.06,0.595,1691434,New York Stock Exchange,NYSE
BAM,Brookfield Asset Management Inc,52961006000.0,Financial Services,Asset Management,1.07826,33.74,0.49531,1936481,New York Stock Exchange,NYSE
NOC,Northrop Grumman Corp,52721635000.0,Industrials,Aerospace & Defense,0.76259,316.24,5.41,769009,New York Stock Exchange,NYSE
AEH,AEGON N.V. Perp. Cap Secs.,52474614000.0,Financial Services,Insurance,0.057383,25.67,1.6,47900,New York Stock Exchange,NYSE
DELL,Dell Technologies Inc,52382200000.0,Technology,Computer Hardware,0.80996,70.15,0.0,2089853,NYSE,NYSE
KMB,Kimberly-Clark Corp,52292739000.0,Consumer Defensive,Household & Personal Products,0.48237,153.33,4.16,1457032,New York Stock Exchange,NYSE
TAK,Takeda Pharmaceutical Company Limited,51979391000.0,Healthcare,Drug Manufacturers General Specialty & Generic,1.110217,16.67,0.830171,1103150,NYSE,NYSE
BNS,Bank of Nova Scotia,51861058000.0,Financial Services,Banks Diversified,0.83388,42.61,3.6,1132532,New York Stock Exchange,NYSE
TEAM,Atlassian Corporation PLC,51332882000.0,Technology,Software Application,0.98363,207.45,0.0,1731517,Nasdaq Global Select,NASDAQ
IJH,iShares Core S&P Mid-Cap,51250913000.0,,,0.0,199.11,3.2180000000000004,1025695,NYSE Arca,NYSE
MUFG,"Mitsubishi UFJ Financial Group, Inc.",51147153000.0,Financial Services,Banks Diversified,1.502834,4.03,0.230723,1074717,NYSE,NYSE
AEB,AEGON N.V. Perp. Cap. Secs. Floating Rate (Netherlands),50696155000.0,Financial Services,Insurance,0.587544,24.8,0.253,19770,New York Stock Exchange,NYSE
NEM,Newmont Corporation,50328457000.0,Basic Materials,Gold,0.25711,62.67,0.67,6224796,New York Stock Exchange,NYSE
AON,Aon PLC,49313653000.0,Financial Services,Insurance Brokers,0.78219,212.88,1.76,1448687,New York Stock Exchange,NYSE
SPOT,Spotify Technology SA,49185063000.0,Communication Services,Internet Content & Information,0.0,262.55,0.0,1648567,NYSE,NYSE
WM,Waste Management Inc,48950555000.0,Industrials,Waste Management,0.71151,115.87,2.115,1515084,New York Stock Exchange,NYSE
GOLD,Barrick Gold Corp,48862659000.0,Basic Materials,Gold,0.23006,27.58,0.30171,18210260,Nasdaq Global Select,NYSE
TWLO,Twilio Inc,48381223000.0,Communication Services,Internet Content & Information,1.62574,326.47,0.0,2967915,New York Stock Exchange,NYSE
GM,General Motors Co,47870296000.0,Consumer Cyclical,Auto Manufacturers,1.43587,33.45,1.14,13857556,New York Stock Exchange,NYSE
TAL,TAL Education Group,47868858000.0,Consumer Defensive,Education & Training Services,0.0532,79.73,0.0,2537267,New York Stock Exchange,NYSE
ILMN,Illumina Inc,47758729000.0,Healthcare,Diagnostics & Research,1.0912,326.31,0.0,1437981,Nasdaq Global Select,NASDAQ
WBK,Westpac Banking Corporation,47730844000.0,Financial Services,Banks Diversified,0.623491,13.28,1.2120000000000002,209423,New York Stock Exchange,NYSE
RACE,Ferrari NV,47586132000.0,Consumer Cyclical,Auto Manufacturers,0.5322,192.52,1.13,201279,New York Stock Exchange,NYSE
PX,Praxair Inc.,47511600000.0,Basic Materials,Chemicals,0.938104,164.4,3.3,1701785,New York Stock Exchange,NYSE
PNC,PNC Financial Services Group Inc,47267521000.0,Financial Services,Banks Regional,1.27891,111.48,4.6,2020326,New York Stock Exchange,NYSE
EQNR,Equinor ASA,46946202000.0,Energy,Oil & Gas Integrated,0.790828,14.17,1.41,3538834,NYSE,NYSE
GLD,SPDR Gold Trust,46411489000.0,,,0.0,178.3,0.0,13916410,NYSE Arca,NYSE
VEEV,Veeva Systems Inc,46193476000.0,Healthcare,Health Information Services,0.9218,306.27,0.0,774717,New York Stock Exchange,NYSE
VTV,Vanguard Value,45971841000.0,,,0.0,108.36,3.102,1880143,NYSE Arca,NYSE
ADI,Analog Devices Inc,45692400000.0,Technology,Semiconductors,1.31497,123.64,2.32,3299878,Nasdaq Global Select,NASDAQ
HCA,HCA Healthcare Inc,45675016000.0,Healthcare,Medical Care Facilities,1.56204,135.12,1.23,1736043,New York Stock Exchange,NYSE
IWM,iShares Russell 2000,45622845000.0,,,0.0,162.33,2.027,21816390,NYSE Arca,NYSE
LULU,Lululemon Athletica Inc,45603037000.0,Consumer Cyclical,Apparel Retail,1.22875,349.95,0.0,1817893,Nasdaq Global Select,NASDAQ
ROP,Roper Technologies Inc,45433057000.0,Industrials,Specialty Industrial Machinery,0.99395,433.89,1.95,479367,New York Stock Exchange,NYSE
AEP,American Electric Power Company Inc,45408104000.0,Utilities,Utilities Regulated Electric,0.34354,91.52,2.77,2997235,New York Stock Exchange,NYSE
PBR-A,Petroleo Brasileiro S.A. - Petrobras,45014704000.0,Energy,Oil & Gas Integrated,1.971428,6.85,0.386911,6085721,NYSE,NYSE
PBR,Petroleo Brasileiro S.A.- Petrobras,45014700000.0,Energy,Oil & Gas Integrated,1.971428,6.86,0.37872,20298570,New York Stock Exchange,NYSE
BIDU,Baidu Inc,44466078000.0,Communication Services,Internet Content & Information,1.14568,130.37,0.0,3185929,Nasdaq Global Select,NASDAQ
BIIB,Biogen Inc,44329222000.0,Healthcare,Drug Manufacturers General,0.57477,280.01,0.0,1146331,Nasdaq Global Select,NASDAQ
PHG,Koninklijke Philips N.V. NY Registry Shares,44184424000.0,Healthcare,Diagnostics & Research,1.097345,48.81,1.895603,493390,New York Stock Exchange,NYSE
DLR,Digital Realty Trust Inc,43962024000.0,Real Estate,REIT Office,0.18623,157.7,4.36,1418862,New York Stock Exchange,NYSE
CP,Canadian Pacific Railway Ltd,43926811000.0,Industrials,Railroads,0.78353,325.09,3.32,327767,New York Stock Exchange,NYSE
ETN,Eaton Corporation PLC,43714929000.0,Industrials,Specialty Industrial Machinery,1.12978,109.26,2.88,1482398,New York Stock Exchange,NYSE
DOCU,DocuSign Inc,43439710000.0,Technology,Software Application,0.0,234.6,0.0,5710148,NasdaqGS,NASDAQ
DD,Dupont De Nemours Inc,43420598000.0,Basic Materials,Chemicals,1.034569,59.17,1.2,4153678,NYSE,NYSE
IJR,iShares Core S&P Small-Cap,42900824000.0,,,0.0,75.83,1.1829999999999998,3786800,NYSE Arca,NYSE
NGG,National Grid Transco PLC PLC (NEW) American Depositary Shares,42880053000.0,Utilities,Utilities Diversified,0.088495,61.05,3.08,342973,New York Stock Exchange,NYSE
RELX,RELX PLC PLC American Depositary Shares (Each representing One),42631311000.0,Communication Services,Publishing,0.057119,22.04,0.567086,842404,New York Stock Exchange,NYSE
MNST,Monster Beverage Corp,42592502000.0,Consumer Defensive,Beverages Non-Alcoholic,1.09588,80.76,0.0,2136010,Nasdaq Global Select,NASDAQ
EMR,Emerson Electric Co,41998766000.0,Industrials,Specialty Industrial Machinery,1.52626,70.28,1.99,2507462,New York Stock Exchange,NYSE
CEO,CNOOC Limited,41938543000.0,Energy,Oil & Gas E&P,1.116653,93.57,10.011,131018,New York Stock Exchange,NYSE
KDP,Keurig Dr Pepper Inc,41878274000.0,Consumer Defensive,Beverages Non-Alcoholic,0.59684,29.76,0.6,5225162,NYSE,NYSE
AMX,America Movil S.A.B. de C.V.n Depository Receipt Series L,41786053000.0,Communication Services,Telecom Services,0.441604,12.74,0.5410809999999999,2571426,New York Stock Exchange,NYSE
AMOV,America Movil S.A.B. de C.V. Class An Depositary Shares,41785983000.0,Communication Services,Telecom Services,0.441604,12.705,0.533585,4956,New York Stock Exchange,NYSE
LD,iPath Bloomberg Lead Subindex Total Return SM Index ETN,41616306000.0,,,0.0,36.3502,0.0,98,NYSE Arca,NYSE
UBS,UBS Group AG,41500946000.0,Financial Services,Banks Diversified,1.47832,11.62,0.3346,2438492,New York Stock Exchange,NYSE
HMC,Honda Motor Company Ltd.,41473188000.0,Consumer Cyclical,Auto Manufacturers,1.277732,24.24,1.0376349999999999,648381,New York Stock Exchange,NYSE
BAX,Baxter International Inc,41419903000.0,Healthcare,Medical Instruments & Supplies,0.70998,81.82,0.905,2997753,New York Stock Exchange,NYSE
EXC,Exelon Corp,41016873000.0,Utilities,Utilities Diversified,0.49756,42.09,1.49,5827179,New York Stock Exchange,NASDAQ
TRI,Thomson Reuters Corp,40967426000.0,Industrials,Consulting Services,0.35648,82.77,1.94043,438217,New York Stock Exchange,NYSE
SNAP,Snap Inc,40888390000.0,Communication Services,Internet Content & Information,1.49765,27.83,0.0,22281325,New York Stock Exchange,NYSE
GD,General Dynamics Corp,40813208000.0,Industrials,Aerospace & Defense,1.00071,142.24,4.16,1190909,New York Stock Exchange,NYSE
PSA,Public Storage,40729100000.0,Real Estate,REIT Industrial,0.11881,233.0,8.0,757309,New York Stock Exchange,NYSE
TRP,TC Energy Corp,40297206000.0,Energy,Oil & Gas Midstream,0.68639,43.03,3.87,1263659,New York Stock Exchange,NYSE
CTSH,Cognizant Technology Solutions Corp,39778804000.0,Technology,Information Technology Services,1.1839,73.36,0.84,2912478,Nasdaq Global Select,NASDAQ
LQD,iShares iBoxx $ Investment Grade Corporate Bond,39722287000.0,,,0.0,135.34,3.955,11164895,NYSE Arca,NYSE
BMO,Bank of Montreal,39586140000.0,Financial Services,Banks Diversified,1.07551,61.34,4.18,539639,New York Stock Exchange,NYSE
KHC,Kraft Heinz Co,39318172000.0,Consumer Defensive,Consumer Packaged Goods,1.03584,32.16,1.6,6101450,Nasdaq Global Select,NASDAQ
EBAY,eBay Inc,39074357000.0,Consumer Cyclical,Retail Apparel & Specialty,1.31308,55.83,0.6,8294468,Nasdaq Global Select,NASDAQ
ITUB,Itau Unibanco Banco Holding SA American Depositary Shares (Each repstg 500 Preferred shares),38931562000.0,Financial Services,Banks Regional,1.017543,4.08,0.29600000000000004,27748559,New York Stock Exchange,NYSE
DXCM,DexCom Inc,38775591000.0,Healthcare,Diagnostics & Research,0.85711,405.0,0.0,775935,Nasdaq Global Select,NASDAQ
BX,Blackstone Group Inc,38587097000.0,Financial Services,Asset Management,1.30048,55.78,1.97,2799995,New York Stock Exchange,NYSE
BCE,BCE Inc,38426169000.0,Communication Services,Telecom Services,0.28045,42.61,3.21,938870,New York Stock Exchange,NYSE
XEL,Xcel Energy Inc,38418260000.0,Utilities,Utilities Regulated Electric,0.3288,73.13,1.645,2236904,Nasdaq Global Select,NASDAQ
SMFG,Sumitomo Mitsui Financial Group Inc Unsponsored American Depositary Shares (Japan),38400279000.0,Financial Services,Banks Diversified,1.288259,5.64,0.350862,1083723,New York Stock Exchange,NYSE
CNC,Centene Corp,38366708000.0,Healthcare,Health Care Plans,0.57119,66.21,0.0,3225107,New York Stock Exchange,NYSE
NXPI,NXP Semiconductors NV,38317908000.0,Technology,Semiconductors,1.56956,137.23,1.5,2126873,Nasdaq Global Select,NASDAQ
GIS,General Mills Inc,38128902000.0,Consumer Defensive,Packaged Foods,0.57482,62.37,1.96,3069768,New York Stock Exchange,NYSE
EA,Electronic Arts Inc,38098100000.0,Communication Services,Electronic Gaming & Multimedia,0.90355,131.92,0.0,2077746,Nasdaq Global Select,NASDAQ
BND,Vanguard Total Bond Market,37951686021.0,,,0.0,88.07,2.132,4900895,NYSE Arca,NASDAQ
